Workbook

Sheet Agenda detail
A1: # | B1: Oblast 2 | C1: Agenda | D1: Fáze | E1: Semafor | F1: Co se udělalo | G1: Co se udělá | H1: Rozhodnutí / Rizika | I1: % Hotovo
A2: 1 | B2: Obchod a náběh zakázek | C2: Sběr obchodních požadavků | D2: Probíhá / řeší se | E2: Žlutá | F2: Vytvořila se prio matice Funguje ad-hoc | G2: Sepíše se jednoduchý návod, jak převést nový požadavek do prioritizované příležitosti. | I2: 0.4
A3: 2 | B3: Obchod a náběh zakázek | C3: Prioritizace obchodních příležitostí | D3: Probíhá / řeší se | E3: Žlutá | F3: Vytvořila se prio matice | G3: Matice se popíše jasnými kritérii, vlastníky a rytmem revizí, aby fungovala samostatně bez ústního vysvětlování. | I3: 0.2
A4: 3 | B4: Obchod a náběh zakázek | C4: Změna prioritizace v rámci bežícího portfolia aktivit | D4: Probíhá / řeší se | E4: Červená | G4: Nastaví se proces hodnocení na základě "time, money, effort" Nastaví se schvalovací proces změn | I4: 0.2
A5: 4 | B5: Obchod a náběh zakázek | C5: Mapování stávajících procesů - "náběh zakázky" | D5: Probíhá / řeší se | E5: Červená | G5: Vytvoří se checklisty, podle typů dodávky (HW / SW / kombinace) | I5: 0
A6: 5 | B6: Projektové a procesní řízení | C6: Vytvoření projektového portfolia | D6: Probíhá / řeší se | E6: Zelená | F6: Návrh na úložiště | G6: Popíše se proces Vytvoří se úložiště | I6: 0.2
A7: 6 | B7: Finance | C7: Finanční řízení projektů / Business Case / Forecasting | D7: Probíhá / řeší se | E7: Žlutá | G7: Vyvtvoří se pravidla a šablony pro výpočet business Case | I7: 0
A8: 7 | B8: Projektové a procesní řízení | C8: Projekty | D8: Probíhá / řeší se | E8: Zelená | F8: Návrh na úložiště Návrh Project charteru | G8: Popíše se proces Vytvoří se dokumenty | I8: 0.2
A9: 8 | B9: Projektové a procesní řízení | C9: Projekt Agilita vs. Waterfall vs. DevOps | D9: Probíhá / řeší se | E9: Žlutá | G9: Vytvoří se metodika pro vedení projektů | I9: 0
A10: 9 | B10: Procesy a operativa | C10: Seznam procesů pro jednotlivá oddělení | D10: Probíhá / řeší se | E10: Žlutá | F10: Popsány procesy skladu | G10: Popíše se proces Helplinky | I10: 0.2
A11: 10 | B11: HR a organizační struktura | C11: Rozdělení Rolí a Kompetencí | D11: Probíhá / řeší se | E11: Zelená | F11: Udělal se návrh | G11: Návrh se schválí a zreviduje | I11: 0.8
A12: 11 | B12: HR a organizační struktura | C12: Nastavení komunikace a přesahu jednotlivých teamu | D12: Probíhá / řeší se | E12: Červená | G12: Popíšou se procesy jednotlivých týmů Určí se vazby | I12: 0.2
A13: 12 | B13: HR a organizační struktura | C13: Nábor chybějících rolí | D13: Probíhá / řeší se | E13: Zelená | G13: Operátor Helplinky Security & Compliance Specialist | I13: 0.2
A14: 13 | B14: HR a organizační struktura | C14: Role Provozního manažera - přesun kompetencí | D14: Hotovo / udržovat | E14: Zelená | F14: Nový provozní manažer - Radek | I14: 1
A15: 14 | B15: HR a organizační struktura | C15: Popis klíčových pozic | E15: Zelená | F15: Finanční ředitelka TAPYGO product owner Vedoucí skladu Security & Compliance Specialist | G15: Provozní manažer | I15: 0.8
A16: 16 | B16: HR a organizační struktura | C16: Návrh struktury obchodního týmu a případná obměna ( KPI) | D16: Hotovo / udržovat | E16: Zelená | F16: Struktura je hotová | I16: 1
A17: 18 | B17: HR a organizační struktura | C17: Revize HR dokumentů | D17: Pozastaveno | E17: Červená | F17: Pozastaveno | I17: 0
A18: 20 | B18: Security & IT governance | C18: PCI DSS | D18: Hotovo / udržovat | E18: Zelená | F18: Hotovo | I18: 1
A19: 21 | B19: Security & IT governance | C19: P2PE | D19: V plánu
A20: 22 | B20: Security & IT governance | C20: PCI PIN | D20: V plánu
A21: 23 | B21: Security & IT governance | C21: CRA | D21: V plánu
A22: 24 | B22: Security & IT governance | C22: CRA | D22: V plánu
A23: 25 | B23: Obchod a náběh zakázek | C23: Marketing | D23: V plánu | E23: Červená | I23: 0
A24: 26 | B24: HR a organizační struktura | C24: Soupis a návrh interních směrnic | D24: Probíhá / řeší se | E24: Žlutá | G24: Návrh AI směrnice | I24: 0.2
A25: 27 | B25: Obchod a náběh zakázek | C25: Nastavení KPI pro obchod | D25: V plánu
A26: 28 | B26: Obchod a náběh zakázek | C26: Nastavení obchodních procesů | D26: Hotovo / udržovat
A27: 29 | B27: Obchod a náběh zakázek | C27: Nastavení obchodních procesů | D27: Hotovo / udržovat
A28: 30 | B28: Obchod a náběh zakázek | C28: Obchodní reporting | D28: Probíhá / řeší se
A29: 31 | B29: Obchod a náběh zakázek | C29: Závěrka | D29: Probíhá / řeší se
A30: 32 | B30: Obchod a náběh zakázek | C30: Obchodní vs finanční data | D30: Probíhá / řeší se
A31: 33 | B31: Procesy a operativa | C31: Dokumentace - struktura a úložiště | D31: Probíhá / řeší se | E31: Zelená | F31: Vytvořen návrh na úložiště | G31: Udělá se struktura | H31: Schválení struktury | I31: 0.6
A32: 34 | B32: Procesy a operativa | C32: JIRA | D32: Probíhá / řeší se | E32: Zelená | F32: Nastaveno trackování času dle klientů Vytvořen návrh evidence projektů
A33: 35 | B33: Transformace | C33: Řízení transformačního plánu / tracking | D33: Probíhá / řeší se | E33: Zelená | F33: Nastaven transformační tracker | G33: Aktualizace transformační agendy | I33: 0.6
A34: 36 | B34: Finance | C34: Management reporting & controlling | D34: V plánu | E34: Červená | I34: 0

Sheet Dashboard
A1: SobIT – transformační dashboard projektu
A2: Klientský přehled agend a stavu transformace | aktualizováno 18. 9. 2026
B4: Celkem agend | D4: Priorita 1 | F4: Probíhá / řeší se | H4: Quickwiny | J4: Komplexní agendy
B5: =COUNTA('Agenda detail'!$C$2:$C$34) -> 33 | D5: =COUNTIF('Agenda detail'!#REF!,1) -> #REF! | F5: =COUNTIF('Agenda detail'!#REF!,"Probíhá / řeší se") -> #REF! | H5: =COUNTIF('Agenda detail'!#REF!,"Quickwin") -> #REF! | J5: =COUNTIF('Agenda detail'!#REF!,"Komplex") -> #REF!
A7: Agendy podle oblasti | D7: Agendy podle priority | G7: Náročnost implementace
A8: Oblast | B8: Počet | D8: Priorita | E8: Počet | G8: Náročnost | H8: Počet
A9: ='Agenda detail'!#REF! -> #REF! | B9: =COUNTIF('Agenda detail'!#REF!,A9) -> #REF! | D9: =1 -> 1 | E9: =COUNTIF('Agenda detail'!#REF!,D9) -> #REF! | G9: ='Agenda detail'!#REF! -> #REF! | H9: =COUNTIF('Agenda detail'!#REF!,G9) -> #REF!
A10: ='Agenda detail'!#REF! -> #REF! | B10: =COUNTIF('Agenda detail'!#REF!,A10) -> #REF! | D10: =2 -> 2 | E10: =COUNTIF('Agenda detail'!#REF!,D10) -> #REF! | G10: ='Agenda detail'!#REF! -> #REF! | H10: =COUNTIF('Agenda detail'!#REF!,G10) -> #REF!
A11: ='Agenda detail'!#REF! -> #REF! | B11: =COUNTIF('Agenda detail'!#REF!,A11) -> #REF! | D11: =3 -> 3 | E11: =COUNTIF('Agenda detail'!#REF!,D11) -> #REF! | G11: ='Agenda detail'!#REF! -> #REF! | H11: =COUNTIF('Agenda detail'!#REF!,G11) -> #REF!
A12: ='Agenda detail'!#REF! -> #REF! | B12: =COUNTIF('Agenda detail'!#REF!,A12) -> #REF! | D12: =4 -> 4 | E12: =COUNTIF('Agenda detail'!#REF!,D12) -> #REF! | G12: Neurčeno | H12: =COUNTBLANK('Agenda detail'!#REF!) -> #REF!
A13: ='Agenda detail'!#REF! -> #REF! | B13: =COUNTIF('Agenda detail'!#REF!,A13) -> #REF! | D13: Bez priority | E13: =COUNTBLANK('Agenda detail'!#REF!) -> #REF!
A14: ='Agenda detail'!#REF! -> #REF! | B14: =COUNTIF('Agenda detail'!#REF!,A14) -> #REF!
A15: ='Agenda detail'!#REF! -> #REF! | B15: =COUNTIF('Agenda detail'!#REF!,A15) -> #REF!
A20: Kde se aktuálně nacházíme / co se řeší | G20: Klientská interpretace | H20: Klientská interpretace | I20: Klientská interpretace | J20: Klientská interpretace | K20: Klientská interpretace
A21: Oblast | B21: Agenda | C21: Aktuálně / řeší se | D21: Priorita | E21: EVOLVE | G21: Dashboard čerpá pouze z listu „Agenda detail“. Souhrny jsou počítány vzorci a detailní řádky jsou přímé odkazy na zdrojová data. Změna zdrojových buněk se tak promítne do dashboardu bez ručního přepisování. | H21: Dashboard čerpá pouze z listu „Agenda detail“. Souhrny jsou počítány vzorci a detailní řádky jsou přímé odkazy na zdrojová data. Změna zdrojových buněk se tak promítne do dashboardu bez ručního přepisování. | I21: Dashboard čerpá pouze z listu „Agenda detail“. Souhrny jsou počítány vzorci a detailní řádky jsou přímé odkazy na zdrojová data. Změna zdrojových buněk se tak promítne do dashboardu bez ručního přepisování. | J21: Dashboard čerpá pouze z listu „Agenda detail“. Souhrny jsou počítány vzorci a detailní řádky jsou přímé odkazy na zdrojová data. Změna zdrojových buněk se tak promítne do dashboardu bez ručního přepisování. | K21: Dashboard čerpá pouze z listu „Agenda detail“. Souhrny jsou počítány vzorci a detailní řádky jsou přímé odkazy na zdrojová data. Změna zdrojových buněk se tak promítne do dashboardu bez ručního přepisování.
A22: ='Agenda detail'!#REF! -> #REF! | B22: ='Agenda detail'!C33 -> Řízení transformačního plánu / tracking | C22: ='Agenda detail'!#REF! -> #REF! | D22: ='Agenda detail'!#REF! -> #REF! | E22: ='Agenda detail'!#REF! -> #REF! | G22: Dashboard čerpá pouze z listu „Agenda detail“. Souhrny jsou počítány vzorci a detailní řádky jsou přímé odkazy na zdrojová data. Změna zdrojových buněk se tak promítne do dashboardu bez ručního přepisování. | H22: Dashboard čerpá pouze z listu „Agenda detail“. Souhrny jsou počítány vzorci a detailní řádky jsou přímé odkazy na zdrojová data. Změna zdrojových buněk se tak promítne do dashboardu bez ručního přepisování. | I22: Dashboard čerpá pouze z listu „Agenda detail“. Souhrny jsou počítány vzorci a detailní řádky jsou přímé odkazy na zdrojová data. Změna zdrojových buněk se tak promítne do dashboardu bez ručního přepisování. | J22: Dashboard čerpá pouze z listu „Agenda detail“. Souhrny jsou počítány vzorci a detailní řádky jsou přímé odkazy na zdrojová data. Změna zdrojových buněk se tak promítne do dashboardu bez ručního přepisování. | K22: Dashboard čerpá pouze z listu „Agenda detail“. Souhrny jsou počítány vzorci a detailní řádky jsou přímé odkazy na zdrojová data. Změna zdrojových buněk se tak promítne do dashboardu bez ručního přepisování.
A23: ='Agenda detail'!#REF! -> #REF! | B23: ='Agenda detail'!C2 -> Sběr obchodních požadavků | C23: ='Agenda detail'!#REF! -> #REF! | D23: ='Agenda detail'!#REF! -> #REF! | E23: ='Agenda detail'!#REF! -> #REF! | G23: Dashboard čerpá pouze z listu „Agenda detail“. Souhrny jsou počítány vzorci a detailní řádky jsou přímé odkazy na zdrojová data. Změna zdrojových buněk se tak promítne do dashboardu bez ručního přepisování. | H23: Dashboard čerpá pouze z listu „Agenda detail“. Souhrny jsou počítány vzorci a detailní řádky jsou přímé odkazy na zdrojová data. Změna zdrojových buněk se tak promítne do dashboardu bez ručního přepisování. | I23: Dashboard čerpá pouze z listu „Agenda detail“. Souhrny jsou počítány vzorci a detailní řádky jsou přímé odkazy na zdrojová data. Změna zdrojových buněk se tak promítne do dashboardu bez ručního přepisování. | J23: Dashboard čerpá pouze z listu „Agenda detail“. Souhrny jsou počítány vzorci a detailní řádky jsou přímé odkazy na zdrojová data. Změna zdrojových buněk se tak promítne do dashboardu bez ručního přepisování. | K23: Dashboard čerpá pouze z listu „Agenda detail“. Souhrny jsou počítány vzorci a detailní řádky jsou přímé odkazy na zdrojová data. Změna zdrojových buněk se tak promítne do dashboardu bez ručního přepisování.
A24: ='Agenda detail'!#REF! -> #REF! | B24: ='Agenda detail'!C5 -> Mapování stávajících procesů - "náběh zakázky" | C24: ='Agenda detail'!#REF! -> #REF! | D24: ='Agenda detail'!#REF! -> #REF! | E24: ='Agenda detail'!#REF! -> #REF! | G24: Dashboard čerpá pouze z listu „Agenda detail“. Souhrny jsou počítány vzorci a detailní řádky jsou přímé odkazy na zdrojová data. Změna zdrojových buněk se tak promítne do dashboardu bez ručního přepisování. | H24: Dashboard čerpá pouze z listu „Agenda detail“. Souhrny jsou počítány vzorci a detailní řádky jsou přímé odkazy na zdrojová data. Změna zdrojových buněk se tak promítne do dashboardu bez ručního přepisování. | I24: Dashboard čerpá pouze z listu „Agenda detail“. Souhrny jsou počítány vzorci a detailní řádky jsou přímé odkazy na zdrojová data. Změna zdrojových buněk se tak promítne do dashboardu bez ručního přepisování. | J24: Dashboard čerpá pouze z listu „Agenda detail“. Souhrny jsou počítány vzorci a detailní řádky jsou přímé odkazy na zdrojová data. Změna zdrojových buněk se tak promítne do dashboardu bez ručního přepisování. | K24: Dashboard čerpá pouze z listu „Agenda detail“. Souhrny jsou počítány vzorci a detailní řádky jsou přímé odkazy na zdrojová data. Změna zdrojových buněk se tak promítne do dashboardu bez ručního přepisování.
A25: ='Agenda detail'!#REF! -> #REF! | B25: ='Agenda detail'!C6 -> Vytvoření projektového portfolia | C25: ='Agenda detail'!#REF! -> #REF! | D25: ='Agenda detail'!#REF! -> #REF! | E25: ='Agenda detail'!#REF! -> #REF!
A26: ='Agenda detail'!#REF! -> #REF! | B26: ='Agenda detail'!C8 -> Projekty | C26: ='Agenda detail'!#REF! -> #REF! | D26: ='Agenda detail'!#REF! -> #REF! | E26: ='Agenda detail'!#REF! -> #REF!
A27: ='Agenda detail'!#REF! -> #REF! | B27: ='Agenda detail'!C7 -> Finanční řízení projektů / Business Case / Forecasting | C27: ='Agenda detail'!#REF! -> #REF! | D27: ='Agenda detail'!#REF! -> #REF! | E27: ='Agenda detail'!#REF! -> #REF!
A28: ='Agenda detail'!#REF! -> #REF! | B28: ='Agenda detail'!C10 -> Seznam procesů pro jednotlivá oddělení | C28: ='Agenda detail'!#REF! -> #REF! | D28: ='Agenda detail'!#REF! -> #REF! | E28: ='Agenda detail'!#REF! -> #REF!
A29: ='Agenda detail'!#REF! -> #REF! | B29: ='Agenda detail'!C11 -> Rozdělení Rolí a Kompetencí | C29: ='Agenda detail'!#REF! -> #REF! | D29: ='Agenda detail'!#REF! -> #REF! | E29: ='Agenda detail'!#REF! -> #REF!
A30: ='Agenda detail'!#REF! -> #REF! | B30: ='Agenda detail'!C24 -> Soupis a návrh interních směrnic | C30: ='Agenda detail'!#REF! -> #REF! | D30: ='Agenda detail'!#REF! -> #REF! | E30: ='Agenda detail'!#REF! -> #REF!
A31: ='Agenda detail'!#REF! -> #REF! | B31: ='Agenda detail'!C34 -> Management reporting & controlling | C31: ='Agenda detail'!#REF! -> #REF! | D31: ='Agenda detail'!#REF! -> #REF! | E31: ='Agenda detail'!#REF! -> #REF!

Sheet Legenda
A1: Pole | B1: Vysvětlení
A2: Zdroj dat | B2: Jediným zdrojem dashboardu je list Agenda detail.
A3: Původní stav / popis | B3: Popis problému nebo AS-IS stavu; relevantní agendy byly aktualizovány podle zápisu ze schůzky 10. 9. 2026.
A4: Cílový stav / výstup | B4: Požadovaný TO-BE stav / konkrétní deliverable.
A5: Aktuální stav | B5: Stav agendy z pracovního scope doplněný o závěry ze schůzky tam, kde se téma řešilo.
A6: Fáze | B6: Pomocná klasifikace odvozená z Aktuálního stavu: hotovo/udržovat, probíhá, v plánu, pozastaveno.
A7: Priorita | B7: 1 = nejvyšší priorita; vyšší číslo = nižší priorita. Číselná priorita byla prozatím zachována
A8: Náročnost | B8: Quickwin / Medium / Komplex; zachováno ze scope, případně doplněno pouze u nových či upřesněných agend.
A9: Dashboard | B9: Souhrnné hodnoty používají vzorce COUNTIF/COUNTA, detailní seznam používá přímé odkazy na buňky listu Agenda detail.
